A0A023J8Z5	sesq
A0A059PYD5	mono
A0A067SEC9	sesq
A0A075FA51	di
A0A075FAK4	di
A0A075FBG7	di
A0A075W0Z3	sesq
A0A075W3D9	sesq
A0A076GAR6	sesq
A0A076GAU5	sesq
A0A076GAU9	sesq
A0A076GBT5	sesq
A0A076KZH5	sesq
A0A076KZS5	sesq
A0A076L4M0	sesq
A0A076L4Z9	sesq
A0A076L503	sesq
A0A076L784	sesq
A0A097ZIE0	sesq
A0A0A0QUT9	sesq
A0A0A0RCB5	sesq
A0A0A0RDR2	sesq
A0A0A0RDZ8	sesq
A0A0A7DNH6	sesq
A0A0B4EB91	sesq
A0A0B4FWC3	sesq
A0A0B4G3Q7	sesq
A0A0B4G504	sesq
A0A0B4GN88	sesq
A0A0B4IF96	sesq
A0A0B5KP67	sesq
A0A0C3FBR2	sesq
A0A0C9VD04	sesq
A0A0D2L718	sesq
A0A0D4D912	sesq
A0A0E0LRP1	sesq
A0A0E3KJK7	sesq
A0A0F4GLU2	sester
A0A0F6P1F4	sesq
A0A0G7ZNT4	sesq
A0A0H4U9R8	sesq
A0A0H5BB10	di
A0A0H5BN57	di
A0A0H5BN61	di
A0A0M3Q1Q3	mono
A0A0M4M0T9	di
A0A0M4MMY1	di
A0A0M5L832	di
A0A0P0ZD79	di
A0A0P0ZEM1	sester
A0A0S2IHL6	tri
A0A0U1XNG2	sesq
A0A0U1XRI2	sesq
A0A0U2D9C5	di
A0A0U2U4F3	tri
A0A0U3LQ20	di
A0A0U4CDK4	di
A0A0U4IMN4	sesq
A0A0U4KG90	sesq
A0A0U5G0B1	sester
A0A0U5GLI1	di
A0A0U5GNT1	sesq
A0A100IAT3	mixed
A0A125S8N1	sesq
A0A125S8N2	sesq
A0A125SXN1	tri
A0A125SXN2	tri
A0A125SXN3	tri
A0A135LYJ9	sester
A0A140AZ63	sesq
A0A140AZ66	mixed
A0A140AZ69	mixed
A0A140AZ72	mixed
A0A140KFG9	sesq
A0A142BX70	sesq
A0A142BX71	sesq
A0A142BX72	sesq
A0A142BX74	sesq
A0A142ZC57	mixed
A0A144YEA5	tri
A0A151ZEA6	sesq
A0A162QA28	sester
A0A167CIH5	sester
A0A167V661	sesq
A0A169T193	sester
A0A177DNJ5	sester
A0A178U9Y5	di
A0A1B4XBG5	di
A0A1C7AAN2	di
A0A1C9J6A7	mono
A0A1D6EFT8	sesq
A0A1D6IY18	sesq
A0A1D6K6U5	di
A0A1D6KUI6	di
A0A1D6LTV0	mono
A0A1F5LDE4	di
A0A1G9S4L4	di
A0A1H0BVV7	di
A0A1I9LTE4	tri
A0A1J0CQ86	sesq
A0A1J0CQ90	sesq
A0A1J0CQ92	sesq
A0A1J0CQ97	sesq
A0A1J0CQA2	sesq
A0A1J0CQA6	sesq
A0A1L1WGB8	sesq
A0A1L1WGC4	sesq
A0A1L1WGD9	sesq
A0A1L1WGF5	sesq
A0A1L2D3T3	sesq
A0A1L5YKS7	sesq
A0A1L6Z3A0	di
A0A1L6Z3A5	sesq
A0A1L7NYF8	sesq
A0A1L7NYG2	sesq
A0A1L7NYG3	sesq
A0A1L7U8F2	sesq
A0A1L7VZE7	sesq
A0A1L9UKS1	di
A0A1L9WUI2	sesq
A0A1M6RNB3	di
A0A1N7T9S7	sesq
A0A1P8AVI0	tri
A0A1P8AW29	tri
A0A1P8B2H6	tri
A0A1S3ZET1	mono
A0A1S4B920	di
A0A1S4C9W7	di
A0A1S4CZT8	di
A0A1S5RW73	di
A0A1U8I4V5	sesq
A0A1U8QHE3	di
A0A1V0D8Y5	mono
A0A1V0E492	sesq
A0A1V0E4A6	sesq
A0A1V0QSF2	sesq
A0A1V0QSF3	sesq
A0A1V0QSF6	sesq
A0A1V0QSG6	sesq
A0A1V1FVQ6	sester
A0A1W6GW06	sesq
A0A1W6GW18	sesq
A0A1W6GW32	sesq
A0A1W6QDI7	di
A0A1W6QDJ1	di
A0A1X9IRQ7	di
A0A1X9ISH5	di
A0A1Y1C7Q5	sester
A0A1Z3GBK8	di
A0A1Z3GC64	di
A0A1Z3GCD1	di
A0A284RNH4	sesq
A0A286R621	sesq
A0A290U6M0	sesq
A0A290U6M6	sesq
A0A290U6N1	sesq
A0A290U6P6	sesq
A0A291LSD6	sesq
A0A291SJC7	sesq
A0A2A2D8W5	mixed
A0A2K9RFY0	di
A0A2K9RFZ2	di
A0A2K9RFZ7	di
A0A2K9RFZ8	di
A0A2K9RFZ9	di
A0A2K9RG07	di
A0A2L0VXR0	di
A0A2P2MRY0	tri
A0A2R4QKX7	sesq
A0A2Z6AQX6	sester
A0A2Z6AQX7	sester
A0A2Z6E967	sesq
A0A2Z6E9F0	mono
A0A2Z6FZ31	sester
A0A343W969	sesq
A0A345ZQ22	di
A0A348AUV5	sesq
A0A348AUV6	sesq
A0A348AUV7	sesq
A0A348AUV9	sesq
A0A348AUW0	sesq
A0A348AUW1	sesq
A0A348B779	sesq
A0A348B780	sesq
A0A348B781	sesq
A0A348B782	sesq
A0A348B784	sesq
A0A348B788	sesq
A0A348B790	sesq
A0A348B793	mono
A0A348FUE1	di
A0A385AJL4	sesq
A0A385AJM2	sesq
A0A385AJM4	sesq
A0A385AJM6	sesq
A0A385AJM7	mixed
A0A385AJN0	sesq
A0A386JV86	sesq
A0A396GKK7	tri
A0A3G1HQN7	sesq
A0A3G1QTS7	di
A0A3G9EAS3	sesq
A0A3G9ED98	sesq
A0A3G9EJT8	sesq
A0A3G9EJV0	sesq
A0A3G9EY38	sesq
A0A3G9F1F9	sesq
A0A3L6G2C1	sesq
A0A3L6G998	sesq
A0A3Q9FFM1	sester
A0A3S9GV71	mixed
A0A3S9GVB5	sesq
A0A411JJ93	tri
A0A482AJV9	sesq
A0A482IC14	sesq
A0A4S8MAF3	sesq
A0A4Y5L9K3	sesq
A0A4Y5QVX4	mono
A0A4Y5QVX6	sesq
A0A5K6WHY7	sesq
A0A5Q0QMX0	sesq
A0A5Q0QMX1	sesq
A0A5Q0QN66	sesq
A0A5Q0QNH9	sesq
A0A5Q0QNJ2	sesq
A0A5Q0QP64	mixed
A0A5Q0QRJ3	sesq
A0A5Q0QSI8	sesq
A0A5Q0QU70	sesq
A0A5S9I252	sesq
A0A650A7H3	sesq
A0A650A7I8	sesq
A0A650A7K4	sesq
A0A650A7M1	sesq
A0A650A7N6	sesq
A0A650A7N9	sesq
A0A650A872	sesq
A0A678QA10	di
A0A6A6W5M9	di
A0A6B8MS60	sesq
A0A6B8N100	sesq
A0A6B8N4Y9	sesq
A0A6C0QES1	sesq
A0A6C0THV5	sesq
A0A6C0TJK8	sesq
A0A6C0TL59	sesq
A0A6C0TLK1	sesq
A0A6G7GHF5	sester
A0A6M6CCF6	mono
A0A6M6CCT4	mono
A0A6M6CDA0	mono
A0A6P6W6H5	mixed
A0A6P8ANR6	mixed
A0A6S6QR11	di
A0A7D0AGU9	mono
A0A7G5KLV0	mono
A0A7G5KLV1	sesq
A0A7G5KLV2	sesq
A0A7G5KLV3	mono
A0A7L7S5T2	mixed
A0A7L7S8U7	sesq
A0A7L7SCQ9	sesq
A0A7L7SES4	mono
A0A7L7SG75	sesq
A0A7S5GI43	sesq
A0A7S5GI44	sesq
A0A7S5L324	mixed
A0A7S5L3H2	mixed
A0A7S5L3J3	mixed
A0A8F4PMV8	mixed
A0A8F4PMX6	sester
A0A8F4PMY5	sester
A0A8F4PNJ7	sester
A0A8F4PNT1	sester
A0A8F4PNT7	sester
A0A8F4PP18	sester
A0A8F4PPH7	sester
A0A8F4PPI6	sester
A0A8F4PPJ2	mixed
A0A8F4PQH5	di
A0A8F4PQI4	sester
A0A8F4PQP7	sester
A0A8F4SK79	sester
A0A8F4SK83	sester
A0A8F4SK84	di
A0A8F4SK87	di
A0A8F4SKT7	sester
A0A8F4SKU0	sester
A0A8F4SNK4	sester
A0A8F4SNK9	sester
A0A8F4SPY9	sester
A0A8F4SPZ5	sester
A0A8K1AY78	di
A0RZI2	sesq
A0RZI3	sesq
A0SJQ5	tri
A1C8C3	sester
A1CVK0	tri
A1DN30	sester
A1E4D1	tri
A1JH12	mono
A2PZA54	di
A3KI17	mono
A4FG19	mono
A4FVP2	mono
A4KAG7	di
A4KAG8	di
A4UUM6	mono
A4VB63	tri
A5A8G0	mixed
A5AQH7	sesq
A5BEB8	sesq
A5LHW8	tri
A5Y5L5	mono
A5YZT7	mono
A6XH05	mono
A7BG60	mono
A7BJ35	tri
A7BJ36	tri
A7IZZ1	mono
A7IZZ2	mono
A7NH01	sesq
A8C980	tri
A8C981	tri
A8CDT2	tri
A8CDT3	tri
A8NCK5	sesq
A8NE23	sesq
A8NU13	sesq
A8R7G3	tri
A9AWD5	di
A9FZ87	sesq
A9GK58	sesq
ATN39899.1	meroterpenoid
B0FGA9	sesq
B0KZ40	tetra
B0Y565	tri
B0Y5B4	tri
B1B1U3	sesq
B1B1U4	sesq
B1PLH3	tri
B1W019	sesq
B2C4D0	sesq
B2C4D3	sesq
B2C4D4	sesq
B2C4D5	sesq
B2C4D6	sesq
B2C4D7	sesq
B2C4D8	sesq
B2DBF0	mixed
B2DBF1	di
B2J4A4	sesq
B2KSJ5	sesq
B2KSJ6	sesq
B3TPQ6	sesq
B3TPQ7	mono
B3Y522	tri
B4XAK4	sesq
B4XAK5	sesq
B4XAK6	sesq
B4YYR2	sesq
B5A434	mixed
B5A435	sesq
B5GMG2	mono
B5GRC8	di
B5GS26	sesq
B5GW45	sesq
B5H7H3	sesq
B5HDJ6	sesq
B6EXY6	tri
B6H063	sesq
B6HFX8	di
B6K412	tri
B6SCF4	mono
B6SCF5	sesq
B6SCF6	sesq
B6UV92	tetra
B8PD44	sesq
B8PQ84	di
B8XA41	sesq
B9GSM9	di
B9RHW5	di
B9RXW0	sesq
B9S9Z3	sesq
B9T625	di
B9X0J1	tri
BAR94033.1	di
BDI63083.1	sesq
BDI63084.1	sesq
BDI63085.1	sesq
BDI63087.1	sesq
BDI63091.1	sesq
BDI63095.1	sesq
BDI63096.1	sesq
BDI63099.1	sesq
BDI63103.1	sesq
BDI63105.1	sesq
BDI63106.1	sesq
BDI63107.1	sesq
BDI63108.1	sesq
BDI63109.1	sesq
BDI63110.1	sesq
BDI63111.1	sesq
BDI63113.1	sesq
BDI63114.1	sesq
BDI63116.1	sesq
BDI63117.1	sesq
BDI63118.1	sesq
BDI63121.1	sesq
BDI63123.1	sesq
BDI63124.1	sesq
BDO24661.1	sesq
BaTC-1	di
BaTC-2	mixed
C0KWV3	mono
C0KWV4	mono
C0KWV5	mono
C0KWV6	mono
C0KWV7	mono
C0PPM5	sesq
C0PPR1	mono
C0PT35	mono
C0PTH8	mono
C0SSW7	di
C1K5M3	mono
C3RSF5	mono
C5H3I7	sesq
C5I6F7	sesq
C5YHH7	sesq
C5YHI2	sesq
C5YHZ9	sesq
C5YN30	sesq
C7ASI9	mono
C7E5V7	sesq
C7E5V8	sesq
C7E5V9	sesq
C7E5W0	sesq
C7PLV2	sesq
C7SCX0	tri
C8XPS0	di
C9K1X5	di
C9K2Q3	di
CgCS	tri
CiTC-1	sesq
D0UZK2	sesq
D0VFU8	tri
D0VMR6	sesq
D0VMR7	sesq
D0VMR8	sesq
D1MJ52	sesq
D2B747	sesq
D2X8G0	di
D2X8G1	di
D2X8G2	di
D2X8Y8	di
D2XEB3	di
D2YZP9	sesq
D3KYU2	mono
D4IIJ0	di
D4IIJ1	di
D5KXD2	mixed
D5KXJ0	mixed
D5SJ87	di
D5SL78	mixed
D7T0P8	tri
D8RLD3	sesq
D8RNZ9	mixed
D9J0D3	di
D9J0D4	di
D9J0D5	di
D9XD61	sesq
D9XDR8	sesq
DgTC-1	sesq
DgTC-2	mixed
E2E2N3	mono
E2E2N4	mixed
E2E2N5	mixed
E2E2N7	mixed
E2E2N8	mixed
E2E2P0	mono
E2E2P1	mono
E2E2P2	mono
E2IHE0	di
E2IUA6	tri
E2IUA7	tri
E2IUA8	tri
E2IUA9	tri
E2IUB0	tri
E3VWJ0	sesq
E3W202	sesq
E3W203	sesq
E3W204	sesq
E3W205	sesq
E3W206	sesq
E3W207	sesq
E3W208	sesq
E3W326	sesq
E3WDE2	mixed
E4MYY0	sesq
E4N7E5	sesq
E4V6I8	tri
E5GAF3	sesq
E5GAF4	sesq
E5GAF5	sesq
E5GAF6	sesq
E5GAF7	sesq
E5GAF8	sesq
E5GAG0	sesq
E5GAG1	sesq
E5GAG2	mono
E5GAG4	mono
E5L4Y4	sesq
E5RM29	sesq
E7DN63	tri
E7DN64	tri
E8W6C7	sesq
E9E766	sesq
E9F8R9	sesq
E9N3U9	mono
ErTC-1	mixed
ErTC-2	mixed
F0ZDD0	sesq
F0ZK52	sesq
F0ZL92	sesq
F0ZLU4	sesq
F0ZPL2	sesq
F1A1D4	sesq
F1CKI6	mono
F1CKI8	mono
F1CKI9	mono
F1CKJ1	mono
F2XF92	di
F2XF93	mono
F2XF94	mono
F2XF95	mono
F2XF96	mono
F2XF97	sesq
F2XF98	mono
F2XF99	mixed
F2XFA0	sesq
F2XFA1	mono
F2XFA2	mono
F2XFA4	mono
F2XFA5	mono
F2XFA6	mono
F2XFA8	mono
F2XFB2	di
F6I4Y2	sesq
F6M8I0	sesq
F8TWC9	sesq
F8UL80	sesq
F8UL81	sesq
F8WQD0	tri
G0LES5	sesq
G0Y286	tri
G0Y287	tri
G0Y288	tri
G0Y7D1	mono
G0Y7D2	mono
G0Y7D3	mono
G1DGI7	di
G1JUH1	mono
G1JUH4	mono
G1JUH5	mono
G1JUH6	sesq
G2P5T1	sesq
G3CCC0	di
G3CCC1	di
G3E4M4	di
G3E4M6	di
G5CV35	mono
G5CV38	di
G5CV40	sesq
G5CV42	sesq
G5CV43	sesq
G5CV44	sesq
G5CV45	sesq
G5CV46	sesq
G5CV48	mono
G5CV50	di
G5CV51	di
G5CV52	mixed
G5CV54	sesq
G5CV56	sesq
G7K980	tri
G7LHE5	tri
G8GJ94	di
G8GJ95	di
G8GJ96	di
G8H5M7	mixed
G8H5M8	mixed
G8H5M9	mixed
G8H5N0	mixed
G8H5N1	mixed
G8H5N2	sesq
G9M5S4	di
G9M5S5	di
G9M5S6	di
G9M5S9	di
G9MAN7	mixed
H2KWF1	tri
H2VFR7	tri
H6VLG0	di
H6VLG5	di
H6WZF2	mono
H8ZM73	mixed
H9C6R1	sesq
H9L9E5	sesq
HcTC-1	di
HcTC-2	sesq
HcTC-3	mixed
I1M2G5	mono
I1S104	sesq
I1TE91	sesq
I1ZHA5	sesq
I2CM55	sesq
I2CM56	sesq
I2CM59	mono
I2CM69	mono
I2N045	di
I3WEW0	mono
I6QPS5	sesq
I6QSN0	sesq
I6R4V5	sesq
I6RAQ6	sesq
I6RE61	mono
I7GPX8	mono
I7H727	sesq
IIIS	sesq
J3MQP7	sesq
J7LH11	sesq
J7LJN5	sesq
J7LMP2	sesq
J7LP58	sesq
J7LQ09	sesq
J9QS23	di
J9QS25	sesq
J9R1J8	sesq
J9R388	di
J9R5V4	sesq
J9RLZ7	sesq
K0K750	sesq
K2SUY0	mixed
K4L9M2	sesq
K4LMW2	sesq
K7NBZ9	tri
K7PRF2	sesq
K7TKS3	sesq
K7TR87	di
K7WTQ7	sesq
KUL85185.1	mixed
L0HAM7	mono
L0HB77	mono
L0HLH2	sesq
L0HP52	sesq
L0I517	sesq
L0I7F9	sesq
L7XCQ7	sesq
LcIMS1	tri
LdSTS1	sesq
LdSTS11	sesq
LdSTS3	sesq
LdSTS6	sesq
LdSTS7	sesq
M1V9Q0	di
M1VDX3	di
M2U578	sester
M2V8C1	sester
M4GGS0	sesq
M4GGS1	sesq
M4HXU6	mixed
M4HXW5	di
M4HY05	mixed
M4HY08	di
M4HYC6	mixed
M4HYC8	di
M4HYP3	di
M4HZ33	sesq
M5AW86	mixed
MW446505.1	sester
N4V6D4	sester
O04408	di
O04806	mono
O06728	sesq
O07854	tri
O13284	di
O13489	sesq
O22340	mono
O23390	tri
O23909	tri
O23945	mono
O24474	mono
O24475	mono
O48666	tri
O48935	mixed
O49853	sesq
O50406	di
O59947	sesq
O64404	sesq
O64405	sesq
O64961	mixed
O65323	sesq
O65435	di
O74165	tri
O81086	sesq
O81191	mono
O81192	mono
O81193	mono
O81923	sesq
O82139	tri
O82140	tri
O82141	tri
O82146	tri
P08196	tetra
P0C565	mixed
P0C8Y0	tri
P0CJ43	sesq
P0CV94	mixed
P0CV95	mixed
P0CV96	mixed
P0DI76	mono
P0DI77	mono
P0DL13	sesq
P0DPK6	di
P13513	sesq
P21683	tetra
P21684	tetra
P27679	sesq
P29704	tri
P33247	tri
P33990	tri
P36596	tri
P37268	mixed
P37269	mixed
P37271	tetra
P37272	mixed
P37294	tetra
P37295	tetra
P38604	tri
P38605	tri
P48449	tri
P48450	tri
P49085	tetra
P53797	tetra
P53798	tri
P53799	tri
P53800	tri
P54924	tri
P54975	tetra
P59287	di
P84466	tri
P93665	sesq
P9WEP0	sester
P9WEV2	sester
P9WEV6	di
P9WEV7	di
P9WEW0	sesq
P9WEW1	sesq
P9WEW2	sesq
P9WEY4	mixed
P9WEY7	mixed
P9WJ61	di
PbTC-1	mixed
PhTS-1	mixed
Q00835	sesq
Q00909	sesq
Q00G37	di
Q02769	mixed
Q03471	sesq
Q04782	tri
Q08IT1	tri
Q0E088	di
Q0JA82	di
Q0JEZ8	di
Q0JF02	di
Q0VHD6	sesq
Q10231	tri
Q1AHB2	di
Q1EG72	mixed
Q1ERD3	tri
Q1G1A4	tri
Q1PDD2	sesq
Q1XBU4	mono
Q1XBU5	mixed
Q20HU7	mono
Q29VN2	mixed
Q29VN3	sesq
Q2FV59	tri
Q2NM15	sesq
Q2QLV9	tetra
Q2QQJ5	di
Q2R712	tri
Q2WGL6	tri
Q2WGL7	tri
Q2WGL8	tri
Q2XPU6	tri
Q2XPU7	tri
Q2XSC4	sesq
Q2XSC5	mono
Q2XSC6	mono
Q308N0	mono
Q32W37	sesq
Q38710	mixed
Q38802	di
Q39548	di
Q39760	sesq
Q39761	sesq
Q39978	sesq
Q401R5	tri
Q401R6	tri
Q40322	mono
Q40577	sesq
Q41594	di
Q41771	di
Q43714	sesq
Q49SP3	sesq
Q49SP4	sesq
Q49SP5	sesq
Q49SP6	sesq
Q49SP7	sesq
Q4JHG3	mono
Q4KSH9	sesq
Q4QSN3	mono
Q4QSN4	sesq
Q4QSN6	mono
Q4U3F6	sesq
Q4U3F7	sesq
Q4VP11	sesq
Q4VP12	sesq
Q4WR16	tri
Q50EK2	mixed
Q50L36	hemi
Q54BE5	sesq
Q54DR1	tri
Q55012	sesq
Q55D85	tri
Q58GE8	mono
Q5CD82	mono
Q5D7Q8	tri
Q5GJ59	sesq
Q5GJ60	mixed
Q5KSN4	di
Q5KSN5	di
Q5MQ85	di
Q5NP67	hsqs
Q5SBP0	mono
Q5SBP1	mono
Q5SBP2	mono
Q5SBP3	mono
Q5SBP4	sesq
Q5SBP5	sesq
Q5SBP6	sesq
Q5SBP7	sesq
Q5UB07	mono
Q5W283	sesq
Q64K29	sesq
Q66PX8	sesq
Q66QH3	di
Q672F7	mono
Q673F9	di
Q675L0	sesq
Q675L1	mono
Q675L4	mixed
Q675L5	mixed
Q675L6	sesq
Q67DX4	di
Q6A1B7	sesq
Q6BDZ9	di
Q6BE24	tri
Q6BE25	tri
Q6E7D7	di
Q6EI12	tetra
Q6EJ97	hemi
Q6ET36	di
Q6F5G9	mono
Q6F5H0	mono
Q6F5H1	mono
Q6F5H2	mono
Q6F5H3	mono
Q6IW97	tri
Q6IWA3	tri
Q6JD70	sesq
Q6JD73	sesq
Q6N3F1	hsqs
Q6N3F2	tri
Q6PWU2	mono
Q6Q3H2	sesq
Q6Q3H3	sesq
Q6QZW7	tri
Q6QZW8	tri
Q6SA60	di
Q6TBY0	di
Q6TH91	sesq
Q6TH92	sesq
Q6USK1	mono
Q6WP50	sesq
Q6XDB5	mono
Q6YN71	sesq
Q6Z2X6	tri
Q6Z5I0	di
Q6Z5J6	di
Q6ZH94	mono
Q6ZJL3	sesq
Q70EZ6	sesq
Q70EZ7	sesq
Q71MJ3	sesq
Q75WN1	mono
Q764T8	tri
Q796C3	sesquar
Q7LJF8	sesq
Q7LJR6	sesq
Q7X9A3	sesq
Q7XAS7	hemi
Q7XYS8	mono
Q7Z859	mixed
Q82IY4	sesq
Q82RR7	sesq
Q84KL3	mono
Q84KL4	mono
Q84KL5	sesq
Q84KL6	mono
Q84LB2	mixed
Q84LF0	sesq
Q84LF1	sesq
Q84LF2	sesq
Q84LG0	sesq
Q84NC8	mono
Q84NC9	mono
Q84ND0	mono
Q84PE1	tri
Q84PE3	tri
Q84SM8	mono
Q84UU4	sesq
Q84UU9	di
Q84UV0	mono
Q84ZW8	mixed
Q8BLN5	tri
Q8GSL7	tri
Q8GUE4	mono
Q8H2B4	mono
Q8L5J7	mono
Q8L5K1	mono
Q8L5K2	mono
Q8L5K3	mono
Q8L5K4	mono
Q8LSC2	sesq
Q8LSC3	sesq
Q8NIC1	sesq
Q8NIC8	sesq
Q8NID7	sesq
Q8NIG9	sesq
Q8NIH0	sesq
Q8NIH3	sesq
Q8NIH6	sesq
Q8NJA1	sesq
Q8RWT0	tri
Q8S3A5	sesq
Q8S3A6	sesq
Q8SA63	sesq
Q8VWY3	tri
Q8VWY4	tri
Q8W1D0	mono
Q8W3Z0	tri
Q8W3Z1	tri
Q8W3Z2	tri
Q8W3Z3	tri
Q8W3Z4	tri
Q8YN85	sesq
Q93WU1	tri
Q93X23	mono
Q93YA3	di
Q93YV0	di
Q940E7	mono
Q941S0	tri
Q947C4	mixed
Q948R6	tri
Q948Z0	mono
Q94G53	mono
Q94JS8	sesq
Q96376	mono
Q96WJ0	tri
Q96WT2	mixed
Q9AJE3	di
Q9AJE4	di
Q9AR04	sesq
Q9AR67	sesq
Q9AR86	hemi
Q9AXM7	mono
Q9C5M3	tri
Q9C748	sesq
Q9F1V8	mono
Q9F1Y6	mono
Q9FI37	tri
Q9FJV8	tri
Q9FQ26	sesq
Q9FQ27	sesq
Q9FQM1	tri
Q9FR95	tri
Q9FT37	di
Q9FUW5	mono
Q9FV72	mono
Q9FXV8	di
Q9FXY7	sesq
Q9FZI2	tri
Q9HGZ6	tri
Q9K499	sesq
Q9LLR9	sesq
Q9LRH7	tri
Q9LRH8	tri
Q9LRR2	sester
Q9LRZ6	mono
Q9LUE0	sester
Q9LUE2	sester
Q9LVP7	sesq
Q9LVY2	tri
Q9M7C9	mono
Q9M7D0	mono
Q9M7D1	mono
Q9MB42	tri
Q9SAK2	di
Q9SDW9	tri
Q9SLP9	tri
Q9SLW0	tri
Q9SLW1	tri
Q9SLW3	tri
Q9SPN1	mono
Q9SSU5	tri
Q9SSZ2	tri
Q9SW76	mono
Q9SW77	sesq
Q9SXV6	tri
Q9SYN1	tri
Q9T0J9	sesq
Q9T0K1	sesq
Q9UR08	sesq
Q9UVY5	mixed
Q9X839	sesq
Q9XEH9	di
Q9XEI0	di
Q9XJ32	sesq
Q9Y753	tri
Q9ZTN8	di
Q9ZUH4	mono
R4HEK6	mono
R4I3I0	sesq
R4JGL8	mono
R4JGM2	mono
R4JHV6	mono
R4JHV9	mono
R4JJJ1	mono
R4JJJ6	mono
R4JND2	mono
R4JND9	mono
R4JQS2	mono
R4JQS8	mono
R4JQT5	mono
R4YVJ5	mono
R4YXW8	mono
R4YZC3	mono
R9QMQ9	mono
R9QMR0	mono
R9QMR1	mono
R9QMR3	mono
R9QMR4	mono
R9QMR5	mono
R9QMR6	mono
R9QMW1	mono
R9QMW2	mono
R9QMW3	mono
R9QMW4	mono
R9QMW5	mono
R9QMW7	mono
R9QMW8	mono
R9QMY8	mono
R9QMY9	mono
R9QMZ0	mono
R9UM72	di
R9UPX6	di
R9UPX9	di
R9W377	mono
R9WSX5	sesq
RmTC-1	mixed
S0DX56	sesq
S0EA85	mixed
S0ECT9	sesq
S0EGZ9	sesq
SRA.SRR18681978 (AgTS-1)	mixed
SptA	sesq
T1RR71	mono
T1RR72	mono
T1RRI5	sesq
T1RRI8	mono
T1RRJ4	mono
T1RRJ6	sesq
T1RRR9	mono
T1RRS0	sesq
T1WGD9	sesq
T2HPZ3	sesq
TmTC-1	mixed
TmTC-2	sesq
U3KYL2	sesq
U3LVL5	sesq
U3LVZ7	sesq
U3LW50	sesq
U5N0S4	sesq
U5N1F1	sesq
U5PZT6	mixed
U5Y4T6	sesq
UPI41561.1	di
UPI41567.1	di
UTU07506	tri
UTU07507	tri
W0FFD7	sesq
W4JX79	sesq
W6HUT3	mono
W6Q4Q9	sesq
W6QAE7	di
W8NXF3	sesq
W8QEG7	di
W8QMF8	di
WDE20676.1	sesq
WDE20677.1	mixed
WDE20678.1	mixed
WDE20679.1	mixed
WDE20680.1	sesq
WP_089795910.1	di
WP_092528762.1	di
X4ZWN5	di
X5A2Z7	di
X5A4D6	di
X5AHD9	di
XsTC-1	mixed
